31;0
58;0
135;0
189;0
200;0
250;0
253;0
278;0
322;0
345;0
355;0
361;0
375;0
387;0
438;0
440;0
450;0
2;1
86;1
158;1
198;1
301;1
331;1
360;1
436;1
475;1
476;1
487;1
17;2
49;2
95;2
201;2
221;2
263;2
284;2
373;2
379;2
398;2
408;2
418;2
467;2
480;2
32;3
55;3
61;3
71;3
132;3
144;3
295;3
305;3
464;3
1;4
43;4
63;4
92;4
99;4
135;4
163;4
182;4
225;4
265;4
281;4
311;4
334;4
339;4
350;4
386;4
400;4
413;4
451;4
466;4
491;4
0;5
13;5
24;5
35;5
60;5
100;5
111;5
122;5
128;5
140;5
165;5
180;5
190;5
191;5
241;5
255;5
270;5
292;5
350;5
356;5
358;5
370;5
393;5
416;5
418;5
445;5
447;5
485;5
88;6
146;6
179;6
196;6
352;6
397;6
413;6
20;7
43;7
162;7
174;7
177;7
210;7
239;7
263;7
301;7
335;7
355;7
360;7
363;7
391;7
472;7
12;8
62;8
122;8
136;8
146;8
174;8
189;8
200;8
222;8
243;8
277;8
407;8
428;8
440;8
471;8
22;9
104;9
113;9
130;9
202;9
209;9
227;9
236;9
313;9
334;9
379;9
396;9
426;9
469;9
12;10
24;10
70;10
78;10
86;10
88;10
91;10
99;10
125;10
149;10
155;10
157;10
207;10
249;10
275;10
277;10
290;10
291;10
292;10
300;10
303;10
341;10
353;10
407;10
417;10
475;10
490;10
492;10
14;11
19;11
22;11
45;11
134;11
147;11
156;11
160;11
221;11
230;11
259;11
298;11
306;11
325;11
350;11
352;11
355;11
356;11
400;11
408;11
423;11
438;11
463;11
493;11
5;12
15;12
66;12
84;12
94;12
110;12
124;12
132;12
185;12
236;12
295;12
312;12
327;12
340;12
342;12
363;12
376;12
405;12
448;12
15;13
173;13
214;13
245;13
247;13
277;13
301;13
339;13
373;13
374;13
420;13
424;13
430;13
478;13
497;13
14;14
47;14
48;14
55;14
57;14
64;14
106;14
123;14
129;14
173;14
183;14
184;14
217;14
234;14
253;14
262;14
316;14
319;14
355;14
363;14
390;14
408;14
438;14
450;14
460;14
21;15
62;15
86;15
107;15
114;15
120;15
200;15
205;15
248;15
268;15
272;15
273;15
279;15
305;15
326;15
391;15
395;15
414;15
436;15
439;15
440;15
458;15
483;15
7;16
118;16
131;16
167;16
176;16
290;16
304;16
314;16
387;16
389;16
401;16
435;16
464;16
7;17
14;17
189;17
228;17
233;17
244;17
252;17
349;17
379;17
385;17
386;17
435;17
442;17
461;17
496;17
0;18
30;18
48;18
51;18
61;18
63;18
67;18
78;18
91;18
101;18
142;18
146;18
156;18
183;18
203;18
232;18
245;18
283;18
397;18
401;18
470;18
496;18
1;19
17;19
114;19
121;19
149;19
161;19
177;19
187;19
210;19
217;19
224;19
226;19
228;19
244;19
302;19
336;19
353;19
355;19
359;19
406;19
417;19
445;19
485;19
15;20
36;20
65;20
87;20
95;20
96;20
125;20
130;20
144;20
146;20
197;20
262;20
279;20
315;20
325;20
354;20
369;20
395;20
415;20
442;20
463;20
474;20
479;20
485;20
494;20
10;21
24;21
78;21
89;21
96;21
112;21
157;21
179;21
190;21
197;21
243;21
270;21
300;21
312;21
323;21
392;21
404;21
416;21
457;21
461;21
498;21
20;22
25;22
26;22
55;22
61;22
91;22
99;22
134;22
214;22
231;22
246;22
269;22
311;22
333;22
340;22
343;22
392;22
475;22
478;22
0;23
56;23
80;23
139;23
153;23
164;23
180;23
262;23
295;23
301;23
403;23
448;23
36;24
51;24
120;24
144;24
190;24
203;24
220;24
279;24
287;24
288;24
293;24
323;24
332;24
362;24
445;24
1;25
11;25
20;25
24;25
27;25
30;25
65;25
67;25
70;25
100;25
186;25
272;25
305;25
326;25
355;25
368;25
405;25
414;25
455;25
481;25
490;25
497;25
29;26
31;26
41;26
70;26
71;26
80;26
99;26
103;26
148;26
224;26
300;26
311;26
330;26
342;26
428;26
486;26
21;27
25;27
29;27
82;27
94;27
129;27
151;27
160;27
168;27
175;27
218;27
254;27
264;27
276;27
318;27
320;27
339;27
341;27
342;27
360;27
384;27
433;27
434;27
96;28
178;28
184;28
252;28
253;28
269;28
316;28
375;28
390;28
439;28
461;28
18;29
28;29
52;29
70;29
80;29
143;29
161;29
218;29
264;29
281;29
336;29
421;29
422;29
429;29
449;29
463;29
487;29
13;30
30;30
55;30
85;30
100;30
106;30
134;30
198;30
207;30
230;30
275;30
287;30
290;30
311;30
339;30
371;30
380;30
385;30
422;30
442;30
460;30
469;30
497;30
85;31
111;31
148;31
174;31
214;31
266;31
279;31
302;31
357;31
369;31
419;31
453;31
477;31
480;31
487;31
497;31
22;32
53;32
66;32
92;32
117;32
119;32
124;32
127;32
153;32
205;32
206;32
210;32
213;32
319;32
339;32
342;32
345;32
368;32
374;32
473;32
475;32
498;32
54;33
69;33
126;33
145;33
167;33
182;33
183;33
187;33
198;33
215;33
255;33
258;33
265;33
295;33
308;33
310;33
360;33
363;33
391;33
399;33
432;33
461;33
484;33
9;34
27;34
32;34
37;34
47;34
63;34
68;34
84;34
116;34
174;34
184;34
196;34
221;34
230;34
243;34
276;34
314;34
339;34
345;34
374;34
408;34
424;34
429;34
436;34
42;35
46;35
61;35
80;35
106;35
112;35
125;35
159;35
167;35
170;35
222;35
229;35
238;35
260;35
298;35
318;35
335;35
417;35
451;35
471;35
28;36
70;36
101;36
136;36
166;36
212;36
224;36
292;36
303;36
320;36
389;36
401;36
414;36
428;36
437;36
446;36
457;36
462;36
8;37
9;37
28;37
42;37
45;37
94;37
104;37
147;37
162;37
176;37
221;37
223;37
233;37
236;37
246;37
295;37
365;37
371;37
372;37
422;37
434;37
445;37
451;37
469;37
487;37
3;38
104;38
110;38
124;38
208;38
225;38
250;38
301;38
324;38
337;38
385;38
403;38
450;38
465;38
0;39
58;39
63;39
115;39
144;39
191;39
193;39
210;39
259;39
277;39
282;39
354;39
371;39
374;39
422;39
428;39
438;39
447;39
457;39
469;39
479;39
494;39
0;40
21;40
35;40
73;40
81;40
147;40
148;40
196;40
199;40
200;40
275;40
320;40
328;40
340;40
350;40
365;40
369;40
396;40
412;40
420;40
443;40
475;40
490;40
492;40
30;41
42;41
88;41
109;41
125;41
232;41
238;41
252;41
261;41
291;41
342;41
373;41
376;41
403;41
408;41
413;41
472;41
476;41
488;41
61;42
68;42
86;42
87;42
92;42
123;42
154;42
155;42
165;42
259;42
281;42
325;42
332;42
342;42
388;42
407;42
432;42
443;42
445;42
458;42
499;42
104;43
113;43
122;43
181;43
183;43
253;43
295;43
301;43
307;43
319;43
372;43
373;43
381;43
392;43
475;43
482;43
497;43
27;44
56;44
63;44
72;44
94;44
103;44
118;44
150;44
164;44
202;44
206;44
214;44
228;44
285;44
289;44
390;44
402;44
422;44
447;44
16;45
33;45
86;45
135;45
166;45
171;45
175;45
205;45
245;45
255;45
274;45
295;45
303;45
331;45
349;45
357;45
360;45
362;45
366;45
367;45
372;45
400;45
410;45
419;45
455;45
479;45
8;46
48;46
101;46
128;46
132;46
167;46
176;46
186;46
196;46
223;46
227;46
244;46
261;46
267;46
274;46
386;46
398;46
432;46
460;46
467;46
488;46
66;47
140;47
170;47
214;47
247;47
271;47
295;47
309;47
323;47
340;47
451;47
452;47
467;47
37;48
48;48
52;48
71;48
99;48
102;48
106;48
115;48
161;48
173;48
194;48
270;48
308;48
316;48
349;48
377;48
380;48
496;48
88;49
132;49
155;49
178;49
231;49
310;49
360;49
392;49
10;50
18;50
31;50
54;50
111;50
120;50
134;50
148;50
155;50
169;50
187;50
195;50
275;50
278;50
295;50
336;50
405;50
495;50
9;51
26;51
80;51
101;51
126;51
210;51
284;51
311;51
339;51
386;51
387;51
391;51
429;51
435;51
450;51
454;51
459;51
465;51
489;51
12;52
17;52
43;52
58;52
69;52
89;52
136;52
145;52
154;52
160;52
193;52
202;52
209;52
272;52
300;52
320;52
363;52
370;52
385;52
499;52
34;53
158;53
199;53
217;53
232;53
234;53
247;53
266;53
284;53
311;53
332;53
333;53
346;53
390;53
435;53
485;53
1;54
20;54
46;54
102;54
109;54
196;54
206;54
214;54
244;54
275;54
347;54
348;54
413;54
420;54
454;54
496;54
51;55
56;55
63;55
64;55
70;55
71;55
111;55
119;55
135;55
139;55
161;55
187;55
189;55
237;55
238;55
240;55
252;55
274;55
275;55
307;55
311;55
320;55
322;55
324;55
339;55
352;55
371;55
375;55
385;55
390;55
392;55
454;55
463;55
464;55
466;55
471;55
481;55
30;56
93;56
105;56
128;56
145;56
163;56
221;56
262;56
266;56
272;56
283;56
330;56
378;56
379;56
398;56
410;56
412;56
440;56
452;56
16;57
20;57
43;57
57;57
58;57
60;57
89;57
99;57
125;57
134;57
143;57
159;57
178;57
197;57
264;57
276;57
316;57
351;57
360;57
362;57
430;57
458;57
488;57
490;57
61;58
83;58
115;58
131;58
143;58
157;58
163;58
165;58
169;58
179;58
190;58
196;58
225;58
237;58
314;58
325;58
338;58
359;58
362;58
399;58
403;58
410;58
452;58
463;58
485;58
9;59
10;59
40;59
48;59
69;59
100;59
114;59
115;59
125;59
150;59
159;59
170;59
196;59
213;59
238;59
266;59
273;59
276;59
283;59
355;59
367;59
408;59
410;59
489;59
495;59
9;60
18;60
34;60
45;60
66;60
75;60
92;60
98;60
118;60
135;60
182;60
187;60
232;60
233;60
237;60
239;60
255;60
300;60
305;60
307;60
325;60
326;60
364;60
443;60
470;60
486;60
22;61
69;61
132;61
154;61
175;61
189;61
202;61
288;61
386;61
391;61
442;61
464;61
479;61
18;62
19;62
69;62
120;62
142;62
154;62
170;62
201;62
257;62
259;62
315;62
321;62
343;62
376;62
389;62
422;62
423;62
475;62
484;62
494;62
30;63
144;63
179;63
180;63
208;63
229;63
245;63
259;63
265;63
307;63
317;63
328;63
341;63
360;63
366;63
431;63
478;63
488;63
498;63
4;64
24;64
52;64
81;64
107;64
296;64
307;64
324;64
331;64
353;64
487;64
16;65
17;65
21;65
69;65
94;65
126;65
135;65
138;65
167;65
176;65
180;65
215;65
229;65
307;65
325;65
367;65
373;65
403;65
413;65
450;65
452;65
453;65
464;65
471;65
490;65
3;66
31;66
103;66
149;66
182;66
188;66
271;66
358;66
365;66
404;66
423;66
427;66
454;66
464;66
498;66
30;67
39;67
86;67
96;67
217;67
248;67
307;67
372;67
395;67
465;67
50;68
72;68
103;68
105;68
121;68
221;68
222;68
256;68
293;68
315;68
337;68
391;68
451;68
10;69
40;69
84;69
95;69
129;69
173;69
247;69
254;69
262;69
281;69
310;69
312;69
355;69
360;69
395;69
449;69
459;69
494;69
14;70
40;70
68;70
90;70
100;70
134;70
163;70
168;70
172;70
193;70
198;70
217;70
218;70
239;70
300;70
305;70
347;70
394;70
417;70
449;70
458;70
492;70
15;71
58;71
110;71
141;71
171;71
194;71
203;71
229;71
251;71
256;71
264;71
266;71
280;71
342;71
387;71
424;71
433;71
479;71
481;71
496;71
499;71
59;72
66;72
86;72
97;72
156;72
164;72
176;72
213;72
215;72
232;72
263;72
316;72
319;72
341;72
360;72
379;72
396;72
426;72
450;72
495;72
81;73
144;73
157;73
231;73
234;73
245;73
268;73
273;73
304;73
363;73
371;73
395;73
438;73
458;73
24;74
47;74
52;74
58;74
60;74
70;74
88;74
166;74
190;74
192;74
196;74
205;74
206;74
222;74
311;74
322;74
406;74
423;74
450;74
459;74
491;74
493;74
495;74
497;74
3;75
20;75
39;75
59;75
63;75
75;75
84;75
104;75
110;75
114;75
118;75
120;75
141;75
143;75
185;75
193;75
238;75
265;75
270;75
282;75
304;75
316;75
328;75
334;75
349;75
390;75
427;75
113;76
127;76
136;76
213;76
241;76
271;76
276;76
298;76
324;76
339;76
363;76
375;76
379;76
430;76
444;76
455;76
484;76
491;76
2;77
49;77
58;77
59;77
65;77
72;77
81;77
123;77
129;77
130;77
153;77
177;77
207;77
221;77
235;77
293;77
318;77
352;77
399;77
407;77
421;77
442;77
499;77
12;78
29;78
86;78
92;78
115;78
209;78
221;78
247;78
252;78
268;78
272;78
285;78
287;78
291;78
345;78
379;78
384;78
387;78
428;78
450;78
58;79
67;79
151;79
230;79
275;79
292;79
303;79
310;79
318;79
319;79
354;79
387;79
421;79
454;79
489;79
499;79
10;80
11;80
26;80
36;80
51;80
65;80
104;80
117;80
123;80
146;80
149;80
160;80
167;80
180;80
225;80
250;80
271;80
274;80
305;80
346;80
354;80
389;80
392;80
438;80
464;80
480;80
3;81
36;81
41;81
86;81
156;81
171;81
211;81
223;81
236;81
257;81
341;81
388;81
396;81
399;81
405;81
418;81
421;81
422;81
444;81
37;82
41;82
64;82
84;82
159;82
161;82
168;82
178;82
222;82
250;82
260;82
290;82
295;82
340;82
356;82
381;82
414;82
422;82
444;82
485;82
137;83
159;83
187;83
200;83
202;83
222;83
243;83
284;83
349;83
367;83
379;83
434;83
439;83
441;83
447;83
489;83
25;84
116;84
138;84
140;84
188;84
189;84
252;84
358;84
362;84
363;84
397;84
448;84
474;84
483;84
37;85
72;85
88;85
104;85
120;85
132;85
135;85
173;85
180;85
202;85
235;85
245;85
318;85
319;85
375;85
400;85
439;85
448;85
465;85
479;85
492;85
49;86
90;86
158;86
163;86
193;86
194;86
252;86
291;86
327;86
413;86
424;86
425;86
469;86
489;86
491;86
50;87
57;87
59;87
103;87
105;87
121;87
124;87
140;87
152;87
259;87
273;87
290;87
305;87
315;87
345;87
355;87
396;87
458;87
490;87
14;88
32;88
38;88
41;88
59;88
64;88
101;88
109;88
131;88
133;88
182;88
185;88
234;88
297;88
304;88
336;88
339;88
347;88
357;88
372;88
373;88
495;88
26;89
88;89
230;89
236;89
286;89
315;89
366;89
381;89
405;89
418;89
441;89
444;89
449;89
494;89
24;90
56;90
64;90
97;90
108;90
109;90
160;90
188;90
210;90
221;90
247;90
285;90
289;90
302;90
385;90
409;90
421;90
431;90
467;90
495;90
34;91
41;91
65;91
68;91
78;91
81;91
108;91
131;91
159;91
178;91
251;91
270;91
290;91
291;91
343;91
355;91
368;91
392;91
438;91
469;91
476;91
14;92
22;92
29;92
45;92
69;92
96;92
122;92
207;92
259;92
260;92
276;92
296;92
304;92
326;92
327;92
336;92
345;92
379;92
398;92
410;92
434;92
448;92
456;92
488;92
499;92
10;93
20;93
46;93
65;93
98;93
111;93
119;93
127;93
165;93
189;93
200;93
229;93
234;93
245;93
303;93
427;93
443;93
1;94
39;94
61;94
87;94
97;94
132;94
164;94
191;94
193;94
206;94
207;94
232;94
291;94
310;94
313;94
371;94
375;94
386;94
387;94
406;94
412;94
415;94
422;94
22;95
37;95
45;95
80;95
98;95
108;95
130;95
148;95
229;95
319;95
325;95
349;95
402;95
404;95
431;95
466;95
483;95
487;95
63;96
96;96
164;96
176;96
205;96
219;96
262;96
315;96
325;96
327;96
355;96
370;96
383;96
389;96
420;96
441;96
458;96
461;96
483;96
46;97
51;97
101;97
147;97
148;97
155;97
163;97
197;97
200;97
251;97
273;97
283;97
326;97
333;97
384;97
385;97
422;97
465;97
18;98
34;98
41;98
70;98
71;98
83;98
89;98
102;98
121;98
164;98
176;98
179;98
231;98
279;98
320;98
350;98
357;98
358;98
363;98
421;98
441;98
468;98
492;98
20;99
56;99
79;99
130;99
132;99
145;99
146;99
173;99
206;99
254;99
260;99
278;99
285;99
310;99
331;99
13;100
30;100
36;100
55;100
77;100
107;100
165;100
168;100
171;100
181;100
185;100
194;100
202;100
205;100
210;100
237;100
306;100
338;100
343;100
345;100
381;100
413;100
92;101
103;101
170;101
178;101
251;101
269;101
287;101
299;101
303;101
321;101
354;101
365;101
439;101
445;101
463;101
465;101
20;102
103;102
120;102
128;102
197;102
233;102
281;102
311;102
319;102
326;102
358;102
368;102
442;102
446;102
474;102
489;102
497;102
64;103
80;103
95;103
144;103
160;103
186;103
227;103
233;103
237;103
244;103
302;103
311;103
339;103
353;103
393;103
420;103
454;103
455;103
464;103
492;103
27;104
32;104
46;104
73;104
89;104
100;104
106;104
118;104
124;104
132;104
155;104
189;104
235;104
239;104
255;104
259;104
274;104
314;104
352;104
358;104
381;104
395;104
406;104
4;105
32;105
37;105
78;105
110;105
120;105
170;105
260;105
305;105
307;105
310;105
331;105
350;105
399;105
418;105
434;105
449;105
456;105
471;105
48;106
59;106
137;106
148;106
150;106
190;106
267;106
328;106
452;106
476;106
14;107
34;107
47;107
54;107
58;107
65;107
72;107
93;107
110;107
144;107
149;107
153;107
170;107
215;107
231;107
242;107
273;107
298;107
299;107
325;107
378;107
438;107
439;107
484;107
31;108
42;108
149;108
231;108
285;108
301;108
302;108
326;108
332;108
462;108
3;109
4;109
29;109
37;109
49;109
76;109
149;109
151;109
167;109
176;109
190;109
205;109
220;109
226;109
234;109
239;109
258;109
332;109
359;109
363;109
382;109
395;109
421;109
448;109
451;109
488;109
34;110
35;110
47;110
60;110
86;110
130;110
138;110
151;110
181;110
185;110
235;110
280;110
294;110
297;110
311;110
338;110
342;110
348;110
373;110
374;110
398;110
434;110
447;110
454;110
498;110
15;111
37;111
42;111
72;111
112;111
167;111
209;111
225;111
235;111
242;111
290;111
298;111
317;111
325;111
351;111
368;111
399;111
400;111
409;111
419;111
451;111
18;112
61;112
70;112
86;112
107;112
167;112
193;112
217;112
222;112
288;112
299;112
326;112
331;112
408;112
466;112
471;112
489;112
7;113
10;113
34;113
42;113
81;113
120;113
129;113
130;113
141;113
177;113
253;113
260;113
297;113
344;113
353;113
429;113
433;113
458;113
11;114
15;114
83;114
140;114
157;114
162;114
193;114
221;114
274;114
316;114
365;114
472;114
2;115
28;115
32;115
57;115
78;115
115;115
150;115
196;115
204;115
214;115
216;115
245;115
265;115
270;115
279;115
287;115
295;115
315;115
326;115
365;115
401;115
402;115
410;115
442;115
445;115
454;115
475;115
491;115
70;116
95;116
97;116
129;116
159;116
211;116
222;116
236;116
239;116
252;116
266;116
305;116
318;116
321;116
344;116
358;116
376;116
382;116
383;116
387;116
422;116
446;116
463;116
480;116
482;116
494;116
2;117
27;117
55;117
119;117
133;117
135;117
141;117
162;117
196;117
214;117
242;117
253;117
350;117
371;117
376;117
380;117
412;117
416;117
419;117
451;117
480;117
6;118
30;118
63;118
98;118
113;118
137;118
154;118
166;118
170;118
227;118
242;118
253;118
257;118
282;118
376;118
385;118
393;118
406;118
417;118
452;118
461;118
490;118
8;119
17;119
28;119
46;119
51;119
53;119
131;119
194;119
206;119
208;119
222;119
231;119
248;119
275;119
330;119
341;119
358;119
406;119
482;119
28;120
61;120
113;120
165;120
167;120
169;120
190;120
218;120
260;120
277;120
285;120
299;120
300;120
409;120
423;120
443;120
453;120
486;120
57;121
83;121
105;121
137;121
182;121
204;121
210;121
217;121
301;121
327;121
337;121
373;121
383;121
426;121
450;121
477;121
92;122
99;122
112;122
142;122
151;122
181;122
184;122
190;122
201;122
211;122
246;122
280;122
282;122
287;122
353;122
370;122
424;122
487;122
2;123
5;123
7;123
11;123
13;123
27;123
63;123
83;123
84;123
116;123
162;123
183;123
206;123
221;123
273;123
278;123
289;123
292;123
345;123
361;123
364;123
370;123
378;123
431;123
472;123
489;123
18;124
21;124
35;124
38;124
97;124
101;124
118;124
175;124
189;124
192;124
194;124
203;124
237;124
246;124
255;124
299;124
354;124
373;124
461;124
469;124
491;124
32;125
59;125
88;125
136;125
175;125
271;125
313;125
335;125
340;125
387;125
391;125
425;125
435;125
446;125
481;125
490;125
9;126
12;126
115;126
125;126
149;126
153;126
170;126
237;126
270;126
277;126
294;126
335;126
338;126
340;126
361;126
424;126
429;126
469;126
494;126
42;127
47;127
64;127
91;127
103;127
143;127
148;127
170;127
206;127
273;127
299;127
325;127
394;127
405;127
449;127
451;127
468;127
14;128
58;128
67;128
68;128
79;128
93;128
98;128
111;128
122;128
146;128
162;128
177;128
188;128
202;128
246;128
264;128
275;128
390;128
403;128
480;128
486;128
494;128
12;129
16;129
43;129
54;129
72;129
88;129
94;129
168;129
175;129
224;129
261;129
267;129
274;129
326;129
380;129
389;129
419;129
427;129
436;129
437;129
448;129
60;130
75;130
85;130
103;130
107;130
109;130
115;130
180;130
191;130
220;130
239;130
250;130
264;130
294;130
320;130
330;130
338;130
343;130
376;130
381;130
389;130
404;130
411;130
412;130
420;130
432;130
445;130
470;130
478;130
6;131
12;131
50;131
51;131
65;131
131;131
132;131
142;131
188;131
198;131
225;131
243;131
270;131
303;131
343;131
345;131
362;131
386;131
421;131
446;131
473;131
477;131
486;131
495;131
6;132
31;132
40;132
56;132
74;132
75;132
144;132
150;132
186;132
208;132
277;132
279;132
288;132
310;132
311;132
341;132
380;132
381;132
458;132
11;133
81;133
85;133
88;133
209;133
232;133
235;133
251;133
267;133
311;133
372;133
383;133
417;133
434;133
435;133
454;133
59;134
153;134
177;134
187;134
204;134
212;134
249;134
307;134
314;134
386;134
388;134
394;134
395;134
407;134
434;134
45;135
48;135
129;135
131;135
148;135
163;135
186;135
197;135
205;135
218;135
226;135
230;135
252;135
312;135
326;135
341;135
345;135
347;135
373;135
432;135
448;135
463;135
1;136
3;136
48;136
61;136
98;136
118;136
137;136
156;136
169;136
192;136
293;136
299;136
326;136
345;136
361;136
417;136
441;136
462;136
465;136
477;136
497;136
15;137
32;137
33;137
128;137
155;137
169;137
176;137
187;137
210;137
222;137
250;137
284;137
300;137
328;137
344;137
369;137
388;137
443;137
469;137
497;137
1;138
9;138
11;138
40;138
51;138
77;138
138;138
234;138
242;138
245;138
249;138
254;138
278;138
285;138
319;138
323;138
330;138
331;138
476;138
498;138
5;139
35;139
68;139
117;139
121;139
125;139
129;139
131;139
207;139
218;139
225;139
250;139
322;139
335;139
396;139
438;139
465;139
25;140
35;140
54;140
63;140
110;140
114;140
128;140
173;140
175;140
200;140
217;140
243;140
246;140
300;140
331;140
335;140
353;140
370;140
385;140
409;140
411;140
429;140
435;140
442;140
450;140
457;140
467;140
496;140
42;141
57;141
86;141
178;141
254;141
258;141
297;141
325;141
351;141
359;141
384;141
389;141
398;141
429;141
494;141
496;141
2;142
24;142
79;142
92;142
98;142
112;142
137;142
142;142
158;142
175;142
231;142
243;142
251;142
265;142
269;142
294;142
311;142
324;142
325;142
334;142
409;142
438;142
446;142
450;142
467;142
471;142
6;143
38;143
45;143
118;143
142;143
216;143
296;143
318;143
351;143
382;143
400;143
406;143
440;143
447;143
453;143
482;143
490;143
4;144
26;144
30;144
50;144
68;144
88;144
90;144
199;144
246;144
262;144
318;144
323;144
339;144
340;144
345;144
354;144
358;144
381;144
383;144
386;144
440;144
445;144
454;144
456;144
473;144
51;145
57;145
90;145
103;145
123;145
149;145
155;145
161;145
194;145
218;145
233;145
242;145
400;145
410;145
415;145
419;145
479;145
493;145
38;146
164;146
167;146
195;146
210;146
229;146
286;146
291;146
302;146
329;146
367;146
405;146
490;146
16;147
44;147
61;147
162;147
191;147
213;147
253;147
258;147
283;147
286;147
305;147
366;147
374;147
384;147
400;147
424;147
443;147
469;147
484;147
3;148
10;148
12;148
38;148
39;148
45;148
83;148
125;148
144;148
156;148
226;148
230;148
236;148
250;148
357;148
384;148
385;148
419;148
425;148
475;148
488;148
15;149
62;149
76;149
78;149
95;149
99;149
127;149
131;149
146;149
194;149
217;149
294;149
299;149
329;149
348;149
373;149
399;149
422;149
469;149
12;150
34;150
47;150
48;150
98;150
149;150
160;150
241;150
242;150
278;150
317;150
323;150
352;150
356;150
378;150
398;150
406;150
426;150
442;150
457;150
484;150
16;151
29;151
105;151
114;151
175;151
238;151
261;151
316;151
359;151
393;151
403;151
432;151
434;151
447;151
487;151
13;152
43;152
71;152
98;152
106;152
145;152
148;152
158;152
159;152
169;152
178;152
210;152
211;152
215;152
234;152
244;152
249;152
278;152
294;152
321;152
345;152
351;152
372;152
388;152
392;152
456;152
474;152
102;153
180;153
205;153
271;153
322;153
347;153
354;153
371;153
396;153
402;153
414;153
426;153
499;153
6;154
22;154
35;154
41;154
59;154
74;154
78;154
87;154
92;154
121;154
127;154
148;154
157;154
220;154
231;154
272;154
280;154
286;154
371;154
382;154
408;154
0;155
21;155
50;155
75;155
92;155
95;155
112;155
119;155
138;155
167;155
177;155
184;155
215;155
222;155
230;155
254;155
255;155
258;155
302;155
311;155
321;155
350;155
380;155
382;155
404;155
421;155
435;155
439;155
446;155
465;155
79;156
95;156
145;156
196;156
204;156
251;156
292;156
337;156
435;156
14;157
94;157
96;157
107;157
124;157
188;157
221;157
232;157
261;157
264;157
265;157
270;157
288;157
293;157
308;157
317;157
434;157
2;158
23;158
66;158
70;158
115;158
141;158
154;158
205;158
225;158
235;158
250;158
251;158
289;158
298;158
302;158
326;158
340;158
371;158
440;158
453;158
464;158
1;159
28;159
74;159
76;159
90;159
112;159
153;159
170;159
186;159
216;159
222;159
271;159
306;159
360;159
375;159
469;159
486;159
495;159
9;160
22;160
31;160
38;160
50;160
68;160
91;160
93;160
105;160
192;160
195;160
204;160
250;160
275;160
282;160
284;160
298;160
300;160
330;160
345;160
351;160
362;160
371;160
387;160
438;160
469;160
470;160
482;160
495;160
30;161
61;161
82;161
96;161
172;161
175;161
210;161
233;161
310;161
361;161
419;161
423;161
431;161
54;162
87;162
107;162
157;162
196;162
201;162
219;162
241;162
264;162
276;162
284;162
327;162
347;162
34;163
59;163
71;163
106;163
139;163
155;163
172;163
247;163
256;163
274;163
316;163
385;163
392;163
407;163
418;163
438;163
470;163
472;163
484;163
5;164
17;164
76;164
90;164
95;164
114;164
161;164
205;164
210;164
213;164
231;164
238;164
260;164
262;164
276;164
332;164
334;164
408;164
424;164
434;164
436;164
437;164
458;164
474;164
475;164
489;164
491;164
8;165
27;165
32;165
52;165
63;165
78;165
100;165
103;165
105;165
125;165
224;165
230;165
251;165
290;165
294;165
295;165
313;165
359;165
360;165
384;165
393;165
396;165
403;165
433;165
459;165
488;165
6;166
48;166
88;166
113;166
115;166
128;166
137;166
145;166
155;166
164;166
194;166
200;166
274;166
298;166
321;166
362;166
394;166
403;166
415;166
427;166
450;166
464;166
481;166
3;167
37;167
113;167
133;167
171;167
190;167
229;167
302;167
330;167
331;167
337;167
345;167
400;167
412;167
430;167
447;167
472;167
75;168
123;168
161;168
168;168
199;168
203;168
221;168
246;168
254;168
263;168
265;168
285;168
331;168
345;168
349;168
360;168
361;168
452;168
468;168
475;168
478;168
49;169
60;169
67;169
70;169
94;169
103;169
122;169
142;169
238;169
243;169
259;169
286;169
316;169
362;169
372;169
405;169
408;169
430;169
458;169
494;169
25;170
45;170
61;170
65;170
69;170
76;170
89;170
134;170
165;170
178;170
180;170
184;170
198;170
214;170
227;170
230;170
238;170
245;170
289;170
310;170
326;170
388;170
399;170
401;170
405;170
412;170
425;170
445;170
454;170
16;171
48;171
63;171
78;171
94;171
137;171
151;171
179;171
187;171
398;171
426;171
429;171
460;171
485;171
488;171
2;172
53;172
60;172
82;172
83;172
89;172
129;172
162;172
164;172
170;172
190;172
215;172
235;172
269;172
278;172
364;172
376;172
417;172
444;172
479;172
494;172
5;173
39;173
124;173
150;173
155;173
161;173
167;173
179;173
237;173
258;173
274;173
283;173
305;173
306;173
334;173
350;173
381;173
401;173
404;173
444;173
29;174
34;174
46;174
55;174
65;174
119;174
127;174
173;174
183;174
184;174
269;174
409;174
419;174
441;174
15;175
19;175
20;175
59;175
64;175
71;175
81;175
104;175
115;175
184;175
245;175
290;175
300;175
307;175
336;175
454;175
465;175
468;175
482;175
495;175
498;175
29;176
47;176
58;176
63;176
79;176
99;176
111;176
120;176
125;176
132;176
148;176
187;176
260;176
283;176
289;176
290;176
296;176
349;176
398;176
422;176
468;176
474;176
477;176
482;176
0;177
26;177
35;177
89;177
112;177
136;177
177;177
233;177
320;177
342;177
360;177
445;177
463;177
497;177
6;178
34;178
39;178
116;178
172;178
200;178
226;178
229;178
246;178
274;178
355;178
366;178
391;178
401;178
406;178
425;178
430;178
443;178
493;178
495;178
29;179
40;179
62;179
69;179
106;179
134;179
149;179
178;179
199;179
245;179
272;179
312;179
317;179
320;179
327;179
337;179
404;179
420;179
442;179
465;179
473;179
487;179
41;180
46;180
91;180
94;180
95;180
96;180
111;180
130;180
169;180
211;180
374;180
379;180
394;180
416;180
449;180
455;180
18;181
46;181
53;181
63;181
118;181
149;181
156;181
161;181
163;181
213;181
216;181
225;181
239;181
243;181
246;181
248;181
253;181
272;181
292;181
295;181
301;181
304;181
309;181
315;181
341;181
344;181
365;181
382;181
451;181
465;181
478;181
497;181
10;182
120;182
181;182
198;182
200;182
209;182
237;182
283;182
302;182
325;182
369;182
397;182
444;182
449;182
453;182
471;182
491;182
495;182
57;183
139;183
144;183
181;183
192;183
209;183
230;183
234;183
275;183
278;183
316;183
318;183
323;183
339;183
384;183
447;183
474;183
488;183
2;184
10;184
68;184
114;184
115;184
126;184
151;184
156;184
284;184
312;184
314;184
324;184
341;184
360;184
362;184
396;184
413;184
456;184
466;184
477;184
45;185
81;185
85;185
95;185
115;185
132;185
144;185
162;185
211;185
219;185
224;185
258;185
283;185
292;185
354;185
355;185
363;185
365;185
367;185
368;185
373;185
388;185
427;185
454;185
483;185
41;186
68;186
72;186
75;186
86;186
161;186
165;186
181;186
223;186
251;186
254;186
299;186
303;186
52;187
103;187
106;187
115;187
119;187
136;187
201;187
214;187
272;187
303;187
332;187
388;187
456;187
477;187
483;187
489;187
11;188
39;188
84;188
91;188
121;188
145;188
188;188
191;188
203;188
234;188
241;188
256;188
329;188
350;188
377;188
432;188
33;189
38;189
81;189
119;189
138;189
232;189
239;189
260;189
264;189
350;189
382;189
408;189
415;189
475;189
483;189
496;189
21;190
22;190
25;190
28;190
37;190
43;190
81;190
111;190
117;190
140;190
201;190
223;190
245;190
290;190
300;190
330;190
343;190
385;190
390;190
405;190
442;190
15;191
55;191
92;191
149;191
162;191
171;191
214;191
218;191
281;191
334;191
339;191
408;191
444;191
461;191
477;191
494;191
90;192
129;192
174;192
187;192
197;192
210;192
226;192
273;192
288;192
333;192
378;192
407;192
411;192
416;192
425;192
439;192
448;192
453;192
490;192
0;193
60;193
66;193
102;193
119;193
124;193
138;193
147;193
202;193
230;193
254;193
285;193
318;193
324;193
325;193
345;193
383;193
389;193
390;193
423;193
472;193
494;193
0;194
3;194
10;194
70;194
72;194
126;194
127;194
182;194
188;194
204;194
233;194
236;194
252;194
294;194
298;194
316;194
319;194
326;194
336;194
364;194
445;194
469;194
493;194
12;195
20;195
42;195
84;195
103;195
134;195
137;195
160;195
161;195
199;195
210;195
213;195
272;195
310;195
311;195
343;195
382;195
403;195
431;195
441;195
462;195
465;195
490;195
6;196
22;196
86;196
111;196
123;196
179;196
181;196
200;196
219;196
236;196
269;196
347;196
366;196
396;196
445;196
65;197
70;197
86;197
93;197
134;197
276;197
281;197
361;197
407;197
438;197
457;197
5;198
26;198
27;198
35;198
62;198
109;198
160;198
161;198
203;198
259;198
268;198
283;198
289;198
301;198
324;198
352;198
356;198
375;198
398;198
439;198
464;198
497;198
29;199
66;199
69;199
108;199
163;199
174;199
246;199
351;199
370;199
394;199
436;199
472;199
15;200
17;200
48;200
81;200
106;200
107;200
136;200
154;200
166;200
180;200
185;200
187;200
191;200
192;200
203;200
226;200
259;200
260;200
263;200
265;200
299;200
346;200
349;200
360;200
361;200
377;200
394;200
424;200
428;200
450;200
482;200
2;201
46;201
54;201
56;201
68;201
85;201
93;201
106;201
118;201
123;201
153;201
189;201
220;201
331;201
355;201
402;201
440;201
482;201
487;201
498;201
42;202
47;202
97;202
135;202
179;202
220;202
263;202
303;202
328;202
373;202
374;202
387;202
393;202
400;202
407;202
434;202
442;202
449;202
459;202
461;202
25;203
57;203
134;203
145;203
150;203
186;203
188;203
202;203
213;203
215;203
267;203
297;203
305;203
307;203
314;203
400;203
457;203
476;203
489;203
56;204
104;204
115;204
128;204
274;204
281;204
286;204
297;204
306;204
322;204
377;204
443;204
448;204
471;204
494;204
9;205
15;205
34;205
41;205
56;205
62;205
75;205
98;205
142;205
156;205
170;205
206;205
245;205
248;205
257;205
273;205
297;205
304;205
307;205
315;205
336;205
370;205
401;205
412;205
440;205
443;205
446;205
477;205
485;205
68;206
77;206
90;206
129;206
222;206
231;206
235;206
251;206
255;206
260;206
320;206
355;206
374;206
385;206
387;206
411;206
448;206
480;206
4;207
80;207
109;207
125;207
162;207
293;207
308;207
358;207
379;207
390;207
417;207
419;207
465;207
496;207
11;208
41;208
93;208
100;208
105;208
136;208
138;208
174;208
188;208
196;208
226;208
235;208
254;208
290;208
325;208
350;208
360;208
447;208
458;208
464;208
481;208
485;208
498;208
2;209
36;209
43;209
125;209
171;209
265;209
329;209
336;209
360;209
420;209
430;209
457;209
8;210
40;210
69;210
113;210
118;210
149;210
170;210
180;210
207;210
229;210
230;210
250;210
261;210
305;210
310;210
317;210
329;210
330;210
347;210
359;210
379;210
389;210
432;210
456;210
459;210
473;210
499;210
20;211
23;211
36;211
59;211
67;211
151;211
165;211
177;211
201;211
208;211
253;211
256;211
257;211
275;211
289;211
303;211
382;211
401;211
447;211
486;211
494;211
68;212
108;212
147;212
148;212
159;212
188;212
219;212
250;212
326;212
357;212
373;212
387;212
405;212
424;212
451;212
455;212
497;212
26;213
44;213
47;213
75;213
89;213
165;213
217;213
249;213
257;213
268;213
309;213
311;213
349;213
377;213
393;213
409;213
488;213
5;214
62;214
92;214
109;214
112;214
164;214
211;214
219;214
220;214
221;214
223;214
242;214
261;214
292;214
326;214
329;214
347;214
354;214
362;214
397;214
426;214
432;214
451;214
487;214
59;215
85;215
91;215
95;215
129;215
170;215
175;215
177;215
180;215
204;215
265;215
277;215
289;215
338;215
341;215
370;215
381;215
386;215
387;215
390;215
393;215
416;215
430;215
479;215
480;215
67;216
75;216
88;216
90;216
113;216
134;216
136;216
158;216
159;216
191;216
246;216
291;216
300;216
304;216
335;216
356;216
363;216
388;216
412;216
422;216
445;216
452;216
0;217
12;217
25;217
69;217
80;217
104;217
140;217
196;217
200;217
248;217
283;217
292;217
352;217
386;217
410;217
432;217
477;217
21;218
49;218
121;218
135;218
174;218
185;218
303;218
368;218
378;218
379;218
402;218
482;218
19;219
21;219
30;219
36;219
41;219
75;219
80;219
125;219
143;219
192;219
208;219
217;219
230;219
239;219
275;219
307;219
315;219
379;219
24;220
48;220
64;220
75;220
80;220
124;220
199;220
206;220
214;220
325;220
330;220
337;220
360;220
407;220
451;220
473;220
480;220
495;220
15;221
27;221
88;221
107;221
131;221
133;221
139;221
144;221
160;221
175;221
225;221
229;221
268;221
273;221
286;221
306;221
359;221
430;221
448;221
455;221
466;221
479;221
27;222
64;222
79;222
127;222
128;222
183;222
249;222
255;222
263;222
266;222
268;222
313;222
315;222
386;222
408;222
446;222
447;222
448;222
467;222
12;223
25;223
31;223
50;223
101;223
116;223
183;223
259;223
264;223
274;223
291;223
336;223
339;223
361;223
409;223
414;223
427;223
436;223
469;223
7;224
25;224
39;224
50;224
51;224
60;224
111;224
113;224
115;224
120;224
124;224
168;224
207;224
283;224
319;224
326;224
348;224
418;224
422;224
453;224
489;224
496;224
11;225
20;225
40;225
43;225
46;225
86;225
95;225
132;225
258;225
269;225
305;225
318;225
330;225
340;225
346;225
354;225
355;225
396;225
416;225
418;225
433;225
438;225
497;225
499;225
20;226
135;226
183;226
195;226
203;226
240;226
244;226
254;226
279;226
323;226
341;226
392;226
393;226
431;226
443;226
480;226
482;226
493;226
9;227
22;227
31;227
41;227
61;227
76;227
77;227
82;227
119;227
140;227
161;227
167;227
190;227
209;227
210;227
229;227
235;227
362;227
428;227
434;227
36;228
38;228
141;228
160;228
167;228
180;228
181;228
188;228
193;228
202;228
234;228
245;228
313;228
365;228
402;228
405;228
467;228
1;229
87;229
93;229
120;229
121;229
231;229
308;229
329;229
351;229
361;229
371;229
408;229
467;229
492;229
493;229
15;230
31;230
117;230
131;230
164;230
176;230
215;230
220;230
229;230
231;230
252;230
290;230
310;230
312;230
319;230
328;230
355;230
390;230
450;230
458;230
461;230
84;231
143;231
200;231
215;231
244;231
310;231
338;231
362;231
369;231
372;231
401;231
448;231
488;231
21;232
198;232
200;232
293;232
296;232
334;232
336;232
376;232
377;232
422;232
451;232
11;233
145;233
194;233
206;233
237;233
264;233
281;233
303;233
311;233
317;233
326;233
338;233
344;233
363;233
392;233
404;233
411;233
416;233
421;233
423;233
445;233
449;233
465;233
486;233
69;234
78;234
97;234
121;234
138;234
150;234
175;234
193;234
216;234
224;234
327;234
349;234
459;234
488;234
22;235
23;235
55;235
67;235
68;235
79;235
80;235
93;235
166;235
198;235
204;235
251;235
269;235
276;235
302;235
315;235
327;235
381;235
425;235
437;235
444;235
446;235
448;235
466;235
496;235
497;235
0;236
1;236
46;236
58;236
73;236
137;236
157;236
173;236
213;236
221;236
237;236
269;236
430;236
466;236
471;236
16;237
91;237
121;237
143;237
149;237
158;237
180;237
187;237
220;237
229;237
255;237
296;237
316;237
329;237
331;237
437;237
38;238
44;238
67;238
73;238
129;238
138;238
146;238
211;238
277;238
300;238
306;238
318;238
363;238
364;238
376;238
384;238
388;238
409;238
20;239
28;239
90;239
119;239
153;239
176;239
195;239
229;239
281;239
282;239
342;239
349;239
357;239
379;239
487;239
495;239
497;239
10;240
17;240
25;240
59;240
91;240
134;240
169;240
259;240
275;240
290;240
305;240
335;240
343;240
348;240
442;240
494;240
495;240
60;241
66;241
98;241
124;241
138;241
163;241
175;241
185;241
188;241
190;241
211;241
217;241
224;241
239;241
362;241
365;241
420;241
427;241
438;241
450;241
467;241
482;241
7;242
21;242
54;242
55;242
65;242
88;242
107;242
127;242
153;242
168;242
189;242
190;242
202;242
239;242
280;242
316;242
331;242
341;242
361;242
386;242
404;242
435;242
37;243
42;243
54;243
79;243
107;243
119;243
136;243
153;243
221;243
230;243
243;243
248;243
456;243
480;243
485;243
491;243
26;244
51;244
65;244
118;244
124;244
167;244
208;244
225;244
265;244
281;244
295;244
304;244
332;244
337;244
385;244
399;244
406;244
447;244
457;244
10;245
14;245
21;245
37;245
59;245
80;245
81;245
102;245
135;245
185;245
186;245
209;245
221;245
230;245
283;245
291;245
294;245
297;245
300;245
310;245
355;245
365;245
402;245
419;245
425;245
458;245
464;245
475;245
476;245
485;245
490;245
495;245
15;246
59;246
126;246
154;246
166;246
295;246
296;246
318;246
390;246
392;246
457;246
470;246
479;246
3;247
53;247
57;247
204;247
239;247
260;247
283;247
291;247
307;247
308;247
338;247
360;247
395;247
420;247
433;247
448;247
466;247
479;247
37;248
60;248
121;248
146;248
168;248
169;248
203;248
268;248
280;248
318;248
345;248
358;248
370;248
399;248
421;248
467;248
21;249
32;249
41;249
52;249
58;249
97;249
110;249
201;249
209;249
228;249
240;249
275;249
297;249
316;249
331;249
336;249
350;249
433;249
442;249
458;249
470;249
7;250
8;250
14;250
36;250
73;250
90;250
95;250
137;250
145;250
146;250
225;250
305;250
366;250
385;250
403;250
415;250
435;250
436;250
445;250
450;250
464;250
488;250
499;250
5;251
36;251
97;251
110;251
113;251
167;251
177;251
180;251
193;251
208;251
209;251
225;251
233;251
253;251
274;251
300;251
365;251
390;251
400;251
418;251
429;251
479;251
482;251
22;252
27;252
76;252
113;252
120;252
126;252
155;252
171;252
182;252
192;252
247;252
270;252
274;252
296;252
310;252
317;252
345;252
365;252
397;252
400;252
431;252
440;252
466;252
474;252
495;252
85;253
100;253
105;253
130;253
134;253
182;253
218;253
257;253
269;253
313;253
333;253
355;253
361;253
442;253
455;253
10;254
26;254
93;254
94;254
95;254
110;254
127;254
131;254
163;254
169;254
175;254
208;254
230;254
236;254
256;254
257;254
263;254
274;254
331;254
368;254
409;254
422;254
456;254
497;254
12;255
19;255
28;255
79;255
100;255
106;255
108;255
120;255
130;255
141;255
152;255
159;255
236;255
243;255
247;255
251;255
263;255
285;255
303;255
330;255
381;255
385;255
395;255
397;255
413;255
426;255
445;255
459;255
480;255
5;256
17;256
27;256
30;256
43;256
49;256
82;256
88;256
120;256
124;256
126;256
167;256
172;256
194;256
246;256
260;256
315;256
362;256
388;256
403;256
461;256
466;256
25;257
64;257
80;257
96;257
112;257
113;257
114;257
128;257
136;257
184;257
186;257
205;257
211;257
250;257
260;257
267;257
272;257
278;257
284;257
324;257
342;257
357;257
365;257
383;257
448;257
473;257
479;257
11;258
88;258
127;258
247;258
370;258
383;258
400;258
402;258
431;258
493;258
12;259
84;259
145;259
158;259
164;259
177;259
215;259
241;259
243;259
286;259
320;259
400;259
413;259
417;259
9;260
22;260
29;260
59;260
64;260
65;260
98;260
106;260
131;260
137;260
139;260
200;260
255;260
261;260
265;260
302;260
310;260
321;260
338;260
395;260
455;260
473;260
475;260
1;261
39;261
48;261
78;261
108;261
177;261
217;261
274;261
295;261
334;261
367;261
372;261
383;261
397;261
402;261
424;261
432;261
460;261
484;261
22;262
66;262
76;262
80;262
82;262
83;262
96;262
113;262
119;262
124;262
154;262
168;262
180;262
188;262
213;262
226;262
334;262
386;262
397;262
419;262
423;262
444;262
468;262
66;263
110;263
133;263
199;263
220;263
243;263
244;263
261;263
278;263
289;263
329;263
335;263
400;263
415;263
424;263
456;263
7;264
29;264
66;264
111;264
144;264
155;264
156;264
182;264
208;264
237;264
259;264
268;264
289;264
318;264
325;264
15;265
107;265
125;265
167;265
185;265
215;265
216;265
222;265
245;265
251;265
257;265
261;265
279;265
297;265
317;265
331;265
343;265
346;265
376;265
379;265
451;265
470;265
476;265
485;265
489;265
490;265
22;266
71;266
83;266
135;266
157;266
252;266
324;266
400;266
404;266
435;266
22;267
61;267
81;267
145;267
166;267
186;267
272;267
313;267
338;267
350;267
354;267
382;267
394;267
408;267
410;267
417;267
457;267
458;267
471;267
19;268
50;268
78;268
92;268
101;268
114;268
214;268
267;268
268;268
312;268
316;268
327;268
363;268
374;268
405;268
408;268
448;268
5;269
20;269
83;269
150;269
180;269
409;269
461;269
468;269
473;269
481;269
1;270
19;270
23;270
56;270
83;270
103;270
108;270
123;270
130;270
143;270
179;270
188;270
208;270
214;270
236;270
251;270
272;270
286;270
295;270
300;270
340;270
363;270
374;270
472;270
491;270
8;271
28;271
41;271
57;271
71;271
77;271
146;271
182;271
197;271
223;271
269;271
278;271
323;271
339;271
435;271
446;271
491;271
10;272
95;272
108;272
109;272
110;272
161;272
175;272
184;272
234;272
244;272
255;272
256;272
277;272
315;272
409;272
5;273
33;273
35;273
42;273
86;273
130;273
164;273
187;273
205;273
216;273
264;273
324;273
329;273
345;273
353;273
403;273
420;273
431;273
439;273
458;273
469;273
472;273
497;273
14;274
34;274
67;274
79;274
80;274
88;274
108;274
166;274
224;274
272;274
283;274
304;274
344;274
356;274
423;274
425;274
460;274
464;274
497;274
31;275
44;275
81;275
94;275
120;275
131;275
206;275
223;275
227;275
275;275
286;275
312;275
316;275
319;275
321;275
345;275
352;275
369;275
371;275
377;275
395;275
407;275
408;275
417;275
431;275
474;275
40;276
41;276
50;276
106;276
124;276
133;276
165;276
246;276
247;276
251;276
282;276
361;276
381;276
448;276
471;276
477;276
3;277
58;277
108;277
139;277
150;277
173;277
184;277
206;277
214;277
243;277
255;277
286;277
332;277
351;277
360;277
367;277
373;277
415;277
422;277
425;277
446;277
481;277
484;277
10;278
17;278
23;278
44;278
47;278
75;278
96;278
140;278
146;278
180;278
188;278
193;278
201;278
214;278
247;278
278;278
333;278
343;278
345;278
348;278
378;278
387;278
436;278
459;278
460;278
5;279
6;279
14;279
98;279
99;279
116;279
126;279
136;279
154;279
215;279
219;279
287;279
342;279
352;279
353;279
362;279
386;279
403;279
407;279
422;279
439;279
442;279
445;279
474;279
479;279
484;279
491;279
492;279
22;280
50;280
52;280
79;280
168;280
177;280
220;280
229;280
260;280
293;280
310;280
340;280
355;280
372;280
379;280
380;280
392;280
413;280
430;280
435;280
436;280
448;280
479;280
491;280
15;281
30;281
37;281
48;281
68;281
105;281
116;281
117;281
142;281
151;281
155;281
190;281
217;281
242;281
243;281
253;281
274;281
292;281
301;281
310;281
368;281
386;281
400;281
447;281
454;281
483;281
488;281
3;282
44;282
105;282
109;282
134;282
143;282
150;282
181;282
184;282
199;282
203;282
211;282
212;282
291;282
303;282
328;282
404;282
420;282
432;282
446;282
17;283
45;283
96;283
117;283
140;283
196;283
202;283
255;283
259;283
262;283
269;283
274;283
299;283
368;283
384;283
396;283
397;283
423;283
449;283
499;283
21;284
138;284
151;284
158;284
176;284
207;284
212;284
255;284
265;284
291;284
312;284
327;284
328;284
434;284
480;284
23;285
43;285
63;285
84;285
100;285
132;285
141;285
150;285
180;285
206;285
280;285
321;285
325;285
357;285
365;285
395;285
396;285
480;285
488;285
495;285
0;286
20;286
43;286
49;286
92;286
104;286
110;286
118;286
122;286
131;286
156;286
211;286
212;286
279;286
308;286
312;286
317;286
328;286
330;286
374;286
391;286
395;286
405;286
437;286
438;286
454;286
473;286
25;287
38;287
68;287
102;287
145;287
236;287
239;287
244;287
326;287
342;287
356;287
360;287
363;287
381;287
387;287
1;288
29;288
31;288
49;288
67;288
122;288
139;288
165;288
168;288
186;288
191;288
207;288
228;288
250;288
267;288
303;288
334;288
390;288
411;288
457;288
471;288
15;289
22;289
53;289
90;289
91;289
124;289
204;289
209;289
255;289
381;289
401;289
407;289
425;289
67;290
69;290
95;290
132;290
185;290
191;290
205;290
221;290
222;290
228;290
231;290
251;290
288;290
296;290
305;290
315;290
319;290
320;290
324;290
357;290
361;290
365;290
366;290
370;290
400;290
420;290
426;290
428;290
459;290
467;290
470;290
9;291
13;291
23;291
40;291
49;291
137;291
166;291
222;291
239;291
251;291
253;291
256;291
269;291
309;291
339;291
366;291
430;291
474;291
494;291
62;292
86;292
121;292
191;292
221;292
239;292
265;292
271;292
346;292
371;292
440;292
465;292
494;292
495;292
13;293
40;293
95;293
107;293
146;293
162;293
194;293
260;293
324;293
356;293
371;293
381;293
433;293
440;293
480;293
4;294
30;294
37;294
75;294
89;294
104;294
117;294
120;294
129;294
146;294
165;294
201;294
210;294
217;294
252;294
291;294
354;294
364;294
425;294
482;294
8;295
26;295
31;295
57;295
74;295
75;295
82;295
87;295
89;295
96;295
135;295
157;295
201;295
206;295
215;295
225;295
234;295
241;295
275;295
279;295
312;295
315;295
316;295
345;295
374;295
406;295
429;295
445;295
460;295
465;295
470;295
13;296
33;296
68;296
118;296
122;296
165;296
166;296
174;296
320;296
338;296
349;296
384;296
386;296
390;296
411;296
449;296
464;296
469;296
2;297
8;297
24;297
33;297
67;297
78;297
90;297
114;297
144;297
162;297
180;297
244;297
286;297
298;297
435;297
445;297
448;297
35;298
46;298
50;298
88;298
92;298
162;298
166;298
205;298
208;298
210;298
256;298
265;298
401;298
424;298
460;298
489;298
498;298
24;299
78;299
157;299
162;299
177;299
279;299
303;299
318;299
407;299
439;299
471;299
19;300
150;300
185;300
201;300
221;300
258;300
259;300
261;300
295;300
299;300
333;300
359;300
395;300
405;300
481;300
496;300
497;300
54;301
61;301
67;301
94;301
108;301
149;301
190;301
215;301
228;301
247;301
273;301
291;301
313;301
332;301
372;301
465;301
466;301
499;301
9;302
11;302
26;302
54;302
149;302
228;302
286;302
296;302
303;302
306;302
336;302
354;302
396;302
416;302
434;302
481;302
482;302
41;303
183;303
189;303
222;303
247;303
276;303
335;303
342;303
496;303
9;304
12;304
29;304
48;304
58;304
132;304
158;304
161;304
186;304
206;304
235;304
247;304
259;304
265;304
268;304
291;304
314;304
350;304
408;304
413;304
434;304
437;304
440;304
446;304
454;304
476;304
13;305
23;305
25;305
29;305
65;305
70;305
74;305
94;305
129;305
144;305
145;305
161;305
167;305
177;305
180;305
187;305
205;305
208;305
212;305
223;305
235;305
237;305
239;305
245;305
265;305
279;305
310;305
337;305
365;305
383;305
384;305
395;305
421;305
453;305
475;305
487;305
13;306
52;306
86;306
126;306
152;306
173;306
181;306
227;306
246;306
257;306
264;306
294;306
310;306
333;306
355;306
367;306
412;306
418;306
428;306
460;306
73;307
80;307
159;307
160;307
168;307
235;307
295;307
303;307
342;307
357;307
386;307
395;307
432;307
449;307
44;308
112;308
118;308
192;308
201;308
293;308
318;308
333;308
358;308
377;308
379;308
391;308
9;309
38;309
88;309
152;309
170;309
184;309
234;309
288;309
293;309
313;309
334;309
341;309
364;309
419;309
421;309
457;309
470;309
476;309
482;309
32;310
50;310
106;310
110;310
140;310
154;310
178;310
222;310
230;310
265;310
267;310
269;310
306;310
314;310
326;310
327;310
331;310
342;310
358;310
380;310
410;310
426;310
450;310
460;310
13;311
14;311
36;311
66;311
87;311
122;311
130;311
140;311
154;311
226;311
271;311
298;311
420;311
489;311
19;312
49;312
60;312
62;312
67;312
118;312
152;312
173;312
186;312
191;312
219;312
245;312
293;312
310;312
367;312
399;312
429;312
44;313
127;313
249;313
266;313
271;313
279;313
308;313
334;313
363;313
391;313
423;313
429;313
496;313
40;314
85;314
108;314
123;314
129;314
193;314
242;314
271;314
295;314
297;314
351;314
353;314
387;314
401;314
414;314
432;314
455;314
460;314
464;314
9;315
44;315
45;315
49;315
50;315
66;315
92;315
99;315
103;315
113;315
126;315
153;315
169;315
196;315
226;315
257;315
305;315
341;315
358;315
385;315
389;315
446;315
448;315
450;315
460;315
475;315
497;315
3;316
77;316
92;316
125;316
127;316
128;316
140;316
215;316
242;316
252;316
260;316
294;316
298;316
313;316
346;316
376;316
392;316
394;316
446;316
465;316
489;316
18;317
33;317
46;317
73;317
87;317
137;317
177;317
180;317
207;317
243;317
283;317
293;317
324;317
345;317
365;317
368;317
423;317
444;317
481;317
15;318
50;318
83;318
101;318
102;318
127;318
148;318
172;318
183;318
241;318
244;318
250;318
285;318
358;318
470;318
4;319
16;319
44;319
53;319
106;319
127;319
129;319
138;319
172;319
175;319
210;319
299;319
306;319
370;319
389;319
401;319
411;319
447;319
456;319
0;320
55;320
80;320
125;320
131;320
142;320
146;320
149;320
157;320
164;320
187;320
199;320
210;320
229;320
301;320
309;320
335;320
355;320
398;320
418;320
427;320
436;320
441;320
447;320
457;320
475;320
476;320
489;320
21;321
23;321
50;321
111;321
174;321
179;321
209;321
222;321
234;321
238;321
304;321
317;321
335;321
369;321
416;321
431;321
442;321
445;321
447;321
450;321
467;321
482;321
25;322
44;322
46;322
63;322
73;322
76;322
80;322
96;322
100;322
101;322
112;322
116;322
140;322
251;322
257;322
272;322
329;322
377;322
399;322
415;322
454;322
459;322
30;323
54;323
57;323
78;323
128;323
168;323
171;323
201;323
226;323
257;323
295;323
310;323
345;323
351;323
365;323
381;323
385;323
393;323
425;323
12;324
23;324
25;324
93;324
127;324
150;324
172;324
197;324
227;324
265;324
300;324
328;324
333;324
479;324
482;324
26;325
39;325
95;325
118;325
126;325
128;325
145;325
183;325
199;325
216;325
218;325
227;325
234;325
236;325
247;325
277;325
365;325
392;325
399;325
425;325
474;325
13;326
23;326
49;326
87;326
112;326
121;326
136;326
182;326
223;326
308;326
315;326
339;326
351;326
370;326
380;326
393;326
418;326
499;326
33;327
69;327
86;327
122;327
143;327
236;327
261;327
278;327
280;327
312;327
325;327
350;327
421;327
432;327
440;327
475;327
19;328
26;328
45;328
90;328
112;328
158;328
159;328
187;328
210;328
229;328
269;328
288;328
299;328
335;328
352;328
435;328
442;328
444;328
470;328
5;329
35;329
48;329
64;329
153;329
159;329
243;329
280;329
307;329
317;329
336;329
345;329
377;329
399;329
403;329
422;329
450;329
5;330
6;330
9;330
15;330
38;330
43;330
45;330
55;330
67;330
132;330
146;330
185;330
204;330
260;330
261;330
265;330
303;330
320;330
360;330
368;330
384;330
439;330
482;330
497;330
33;331
71;331
91;331
95;331
170;331
184;331
205;331
213;331
289;331
311;331
324;331
368;331
382;331
409;331
467;331
469;331
32;332
47;332
77;332
78;332
86;332
118;332
120;332
157;332
160;332
186;332
286;332
317;332
318;332
366;332
393;332
397;332
408;332
421;332
427;332
477;332
481;332
498;332
499;332
9;333
16;333
35;333
49;333
75;333
101;333
110;333
213;333
271;333
307;333
312;333
315;333
323;333
336;333
340;333
347;333
353;333
362;333
398;333
408;333
484;333
10;334
11;334
68;334
74;334
84;334
122;334
143;334
164;334
199;334
214;334
217;334
230;334
240;334
251;334
300;334
388;334
421;334
445;334
473;334
35;335
37;335
60;335
70;335
103;335
122;335
135;335
147;335
149;335
155;335
161;335
179;335
245;335
252;335
264;335
282;335
427;335
452;335
455;335
485;335
18;336
38;336
55;336
85;336
99;336
124;336
129;336
198;336
226;336
241;336
246;336
334;336
377;336
381;336
404;336
443;336
459;336
488;336
496;336
30;337
57;337
92;337
112;337
121;337
183;337
184;337
194;337
274;337
286;337
290;337
332;337
335;337
345;337
354;337
381;337
387;337
388;337
399;337
415;337
0;338
47;338
66;338
162;338
256;338
277;338
288;338
292;338
326;338
360;338
362;338
369;338
433;338
439;338
45;339
103;339
131;339
138;339
151;339
160;339
162;339
181;339
194;339
236;339
238;339
267;339
283;339
297;339
324;339
332;339
348;339
373;339
386;339
398;339
404;339
428;339
448;339
498;339
16;340
44;340
90;340
115;340
128;340
131;340
137;340
172;340
178;340
180;340
188;340
255;340
265;340
277;340
284;340
293;340
351;340
365;340
369;340
392;340
415;340
445;340
453;340
458;340
465;340
475;340
482;340
484;340
26;341
50;341
61;341
62;341
68;341
113;341
158;341
182;341
207;341
223;341
238;341
271;341
293;341
295;341
340;341
341;341
378;341
433;341
436;341
461;341
482;341
497;341
33;342
60;342
148;342
168;342
235;342
269;342
304;342
385;342
389;342
411;342
427;342
442;342
469;342
18;343
39;343
45;343
87;343
114;343
152;343
178;343
183;343
195;343
222;343
233;343
264;343
294;343
310;343
339;343
416;343
433;343
445;343
455;343
16;344
23;344
33;344
56;344
62;344
101;344
144;344
186;344
205;344
218;344
222;344
236;344
246;344
253;344
334;344
434;344
448;344
451;344
454;344
469;344
491;344
1;345
7;345
41;345
54;345
80;345
90;345
128;345
135;345
141;345
185;345
193;345
219;345
226;345
229;345
265;345
266;345
273;345
307;345
309;345
324;345
361;345
363;345
370;345
393;345
466;345
485;345
487;345
3;346
46;346
82;346
145;346
159;346
226;346
242;346
258;346
270;346
280;346
298;346
326;346
341;346
350;346
399;346
101;347
121;347
139;347
153;347
198;347
206;347
239;347
286;347
294;347
338;347
352;347
370;347
392;347
408;347
429;347
494;347
498;347
17;348
21;348
27;348
36;348
54;348
60;348
75;348
79;348
98;348
105;348
152;348
166;348
182;348
246;348
258;348
289;348
291;348
307;348
308;348
332;348
400;348
458;348
490;348
11;349
21;349
32;349
39;349
54;349
55;349
87;349
133;349
136;349
188;349
198;349
228;349
264;349
276;349
345;349
366;349
382;349
408;349
412;349
442;349
456;349
486;349
3;350
4;350
8;350
40;350
41;350
153;350
157;350
165;350
168;350
186;350
190;350
195;350
211;350
232;350
281;350
299;350
307;350
367;350
438;350
476;350
497;350
3;351
16;351
62;351
72;351
104;351
139;351
194;351
196;351
209;351
239;351
250;351
284;351
320;351
385;351
419;351
442;351
459;351
469;351
474;351
75;352
101;352
105;352
125;352
147;352
153;352
213;352
231;352
263;352
264;352
332;352
355;352
392;352
393;352
398;352
412;352
424;352
438;352
481;352
8;353
88;353
92;353
96;353
125;353
128;353
156;353
169;353
223;353
228;353
238;353
249;353
256;353
304;353
333;353
365;353
374;353
375;353
377;353
429;353
431;353
451;353
476;353
493;353
18;354
109;354
135;354
137;354
154;354
159;354
193;354
220;354
260;354
280;354
311;354
347;354
354;354
368;354
376;354
385;354
387;354
391;354
495;354
0;355
2;355
16;355
70;355
79;355
137;355
155;355
173;355
215;355
318;355
327;355
332;355
336;355
341;355
366;355
375;355
377;355
410;355
416;355
64;356
77;356
93;356
97;356
123;356
167;356
184;356
220;356
271;356
293;356
335;356
340;356
385;356
401;356
407;356
425;356
427;356
456;356
477;356
5;357
59;357
123;357
128;357
131;357
151;357
175;357
223;357
284;357
295;357
306;357
327;357
329;357
340;357
351;357
392;357
478;357
5;358
26;358
28;358
94;358
95;358
247;358
275;358
316;358
341;358
379;358
395;358
444;358
457;358
464;358
494;358
11;359
28;359
80;359
95;359
125;359
162;359
163;359
182;359
211;359
214;359
230;359
255;359
262;359
269;359
325;359
331;359
445;359
446;359
455;359
458;359
466;359
469;359
494;359
56;360
90;360
100;360
107;360
120;360
190;360
205;360
227;360
231;360
251;360
260;360
272;360
278;360
305;360
310;360
320;360
329;360
365;360
378;360
383;360
405;360
431;360
462;360
464;360
38;361
65;361
71;361
93;361
126;361
154;361
181;361
183;361
197;361
211;361
215;361
225;361
231;361
244;361
258;361
296;361
300;361
340;361
492;361
20;362
29;362
42;362
87;362
88;362
98;362
111;362
127;362
170;362
208;362
266;362
269;362
297;362
313;362
340;362
341;362
420;362
447;362
23;363
30;363
34;363
48;363
63;363
67;363
116;363
120;363
184;363
260;363
289;363
337;363
356;363
377;363
395;363
420;363
453;363
486;363
17;364
30;364
35;364
43;364
58;364
67;364
102;364
119;364
152;364
180;364
182;364
216;364
244;364
281;364
323;364
372;364
388;364
410;364
445;364
469;364
491;364
43;365
60;365
75;365
81;365
88;365
89;365
122;365
143;365
157;365
160;365
190;365
235;365
275;365
284;365
292;365
313;365
315;365
350;365
370;365
404;365
407;365
418;365
463;365
475;365
488;365
499;365
8;366
10;366
34;366
41;366
49;366
75;366
94;366
145;366
244;366
288;366
305;366
381;366
397;366
401;366
443;366
70;367
94;367
198;367
211;367
272;367
275;367
318;367
352;367
365;367
380;367
387;367
426;367
462;367
471;367
473;367
497;367
19;368
20;368
43;368
58;368
62;368
103;368
148;368
171;368
185;368
190;368
217;368
219;368
265;368
297;368
298;368
320;368
344;368
442;368
447;368
448;368
463;368
487;368
490;368
1;369
41;369
108;369
115;369
137;369
182;369
185;369
186;369
199;369
227;369
244;369
251;369
275;369
317;369
420;369
431;369
480;369
21;370
120;370
125;370
141;370
142;370
169;370
210;370
242;370
253;370
259;370
267;370
305;370
329;370
334;370
361;370
385;370
391;370
424;370
425;370
431;370
489;370
490;370
19;371
22;371
147;371
159;371
193;371
212;371
235;371
247;371
249;371
270;371
281;371
304;371
310;371
313;371
352;371
365;371
400;371
431;371
463;371
31;372
64;372
109;372
156;372
264;372
323;372
328;372
388;372
391;372
402;372
410;372
416;372
444;372
455;372
11;373
30;373
52;373
67;373
78;373
254;373
262;373
264;373
358;373
383;373
398;373
429;373
458;373
499;373
23;374
55;374
121;374
127;374
181;374
188;374
189;374
198;374
219;374
234;374
235;374
243;374
255;374
328;374
391;374
393;374
399;374
447;374
22;375
41;375
86;375
89;375
100;375
229;375
258;375
260;375
269;375
273;375
335;375
370;375
396;375
413;375
431;375
434;375
447;375
454;375
468;375
492;375
33;376
39;376
78;376
145;376
165;376
166;376
172;376
187;376
203;376
210;376
252;376
255;376
282;376
342;376
368;376
400;376
444;376
463;376
481;376
1;377
22;377
23;377
159;377
162;377
181;377
226;377
259;377
262;377
267;377
291;377
325;377
351;377
354;377
427;377
443;377
495;377
16;378
19;378
57;378
94;378
115;378
120;378
153;378
208;378
218;378
263;378
284;378
334;378
345;378
425;378
480;378
62;379
65;379
79;379
83;379
150;379
154;379
165;379
177;379
193;379
211;379
240;379
248;379
264;379
268;379
280;379
283;379
293;379
358;379
364;379
434;379
451;379
460;379
472;379
479;379
4;380
15;380
30;380
31;380
38;380
45;380
47;380
49;380
79;380
113;380
131;380
170;380
185;380
218;380
223;380
232;380
263;380
273;380
322;380
336;380
349;380
351;380
363;380
366;380
372;380
377;380
404;380
416;380
429;380
431;380
435;380
443;380
448;380
460;380
480;380
95;381
113;381
128;381
134;381
170;381
207;381
211;381
226;381
310;381
342;381
355;381
367;381
382;381
410;381
418;381
465;381
481;381
490;381
492;381
32;382
33;382
86;382
108;382
166;382
208;382
237;382
254;382
261;382
265;382
311;382
317;382
481;382
47;383
65;383
134;383
140;383
148;383
169;383
175;383
179;383
204;383
219;383
224;383
285;383
299;383
301;383
399;383
472;383
6;384
48;384
142;384
152;384
169;384
184;384
211;384
232;384
241;384
300;384
307;384
394;384
433;384
472;384
20;385
29;385
58;385
71;385
75;385
81;385
85;385
97;385
99;385
114;385
135;385
179;385
185;385
190;385
195;385
197;385
231;385
260;385
280;385
290;385
306;385
310;385
322;385
370;385
376;385
418;385
457;385
470;385
40;386
91;386
101;386
122;386
134;386
218;386
238;386
251;386
262;386
292;386
304;386
324;386
331;386
350;386
409;386
435;386
462;386
482;386
167;387
170;387
189;387
205;387
233;387
249;387
263;387
307;387
347;387
369;387
378;387
386;387
450;387
463;387
466;387
468;387
4;388
12;388
14;388
17;388
39;388
41;388
60;388
71;388
77;388
102;388
108;388
110;388
151;388
153;388
230;388
252;388
290;388
293;388
341;388
383;388
408;388
410;388
436;388
443;388
444;388
7;389
10;389
23;389
61;389
84;389
93;389
99;389
101;389
108;389
113;389
132;389
145;389
205;389
208;389
265;389
315;389
331;389
338;389
351;389
399;389
449;389
17;390
60;390
114;390
124;390
139;390
144;390
159;390
183;390
230;390
242;390
334;390
335;390
360;390
375;390
387;390
400;390
405;390
477;390
479;390
480;390
14;391
15;391
163;391
177;391
182;391
230;391
293;391
341;391
370;391
431;391
465;391
28;392
87;392
96;392
141;392
201;392
231;392
268;392
273;392
309;392
323;392
329;392
342;392
360;392
366;392
443;392
480;392
495;392
30;393
35;393
42;393
47;393
85;393
87;393
129;393
196;393
234;393
258;393
294;393
305;393
312;393
380;393
384;393
400;393
409;393
427;393
466;393
490;393
19;394
21;394
24;394
28;394
47;394
73;394
108;394
143;394
152;394
193;394
276;394
349;394
362;394
390;394
417;394
419;394
421;394
468;394
480;394
52;395
53;395
75;395
115;395
190;395
207;395
273;395
287;395
339;395
344;395
345;395
423;395
439;395
460;395
58;396
138;396
139;396
150;396
186;396
199;396
207;396
213;396
238;396
263;396
277;396
289;396
329;396
337;396
348;396
441;396
451;396
456;396
480;396
494;396
12;397
27;397
34;397
97;397
114;397
121;397
157;397
200;397
208;397
270;397
384;397
399;397
461;397
490;397
491;397
91;398
97;398
164;398
197;398
255;398
261;398
291;398
311;398
313;398
332;398
371;398
399;398
467;398
471;398
2;399
48;399
49;399
91;399
98;399
129;399
145;399
155;399
161;399
175;399
243;399
273;399
278;399
307;399
326;399
354;399
369;399
380;399
434;399
470;399
491;399
10;400
75;400
100;400
117;400
144;400
176;400
191;400
196;400
200;400
208;400
221;400
286;400
315;400
329;400
366;400
378;400
396;400
402;400
403;400
435;400
449;400
451;400
476;400
493;400
0;401
17;401
28;401
31;401
42;401
49;401
62;401
78;401
151;401
242;401
246;401
263;401
305;401
354;401
377;401
436;401
439;401
442;401
459;401
3;402
13;402
31;402
87;402
107;402
131;402
132;402
138;402
150;402
160;402
180;402
183;402
192;402
231;402
235;402
255;402
281;402
305;402
311;402
419;402
429;402
433;402
436;402
481;402
93;403
133;403
143;403
171;403
179;403
281;403
331;403
355;403
368;403
377;403
418;403
432;403
438;403
448;403
487;403
13;404
34;404
41;404
52;404
81;404
118;404
139;404
158;404
186;404
196;404
201;404
203;404
250;404
278;404
375;404
425;404
470;404
475;404
5;405
10;405
27;405
34;405
42;405
64;405
70;405
97;405
164;405
166;405
202;405
240;405
275;405
291;405
316;405
335;405
351;405
352;405
353;405
362;405
372;405
391;405
392;405
401;405
402;405
410;405
469;405
494;405
1;406
84;406
88;406
105;406
115;406
124;406
135;406
140;406
151;406
173;406
216;406
231;406
248;406
263;406
266;406
274;406
283;406
287;406
312;406
363;406
409;406
430;406
27;407
92;407
98;407
110;407
121;407
133;407
143;407
267;407
271;407
272;407
307;407
348;407
402;407
426;407
435;407
437;407
463;407
0;408
4;408
39;408
49;408
51;408
71;408
233;408
276;408
293;408
353;408
374;408
390;408
446;408
460;408
477;408
479;408
481;408
493;408
41;409
44;409
51;409
120;409
121;409
195;409
220;409
229;409
233;409
244;409
269;409
280;409
289;409
290;409
311;409
370;409
385;409
400;409
401;409
408;409
423;409
447;409
457;409
477;409
5;410
24;410
58;410
77;410
86;410
100;410
128;410
143;410
181;410
190;410
205;410
220;410
239;410
290;410
340;410
371;410
381;410
396;410
399;410
403;410
406;410
410;410
427;410
430;410
440;410
480;410
491;410
3;411
36;411
82;411
111;411
115;411
123;411
127;411
174;411
184;411
216;411
217;411
226;411
232;411
245;411
308;411
314;411
331;411
352;411
381;411
390;411
439;411
441;411
470;411
480;411
493;411
31;412
35;412
44;412
64;412
93;412
105;412
118;412
121;412
148;412
150;412
286;412
290;412
295;412
310;412
334;412
335;412
469;412
4;413
6;413
12;413
18;413
32;413
51;413
67;413
72;413
74;413
75;413
83;413
84;413
96;413
111;413
139;413
140;413
156;413
200;413
212;413
253;413
282;413
289;413
308;413
313;413
323;413
360;413
366;413
392;413
462;413
495;413
14;414
25;414
26;414
42;414
57;414
94;414
199;414
215;414
236;414
245;414
269;414
271;414
278;414
285;414
288;414
388;414
389;414
438;414
466;414
28;415
172;415
173;415
176;415
197;415
235;415
244;415
297;415
370;415
385;415
411;415
437;415
494;415
18;416
54;416
257;416
269;416
293;416
313;416
334;416
356;416
357;416
359;416
381;416
392;416
400;416
414;416
441;416
450;416
462;416
485;416
17;417
83;417
92;417
118;417
121;417
164;417
200;417
207;417
264;417
265;417
331;417
343;417
344;417
421;417
452;417
453;417
469;417
473;417
474;417
494;417
16;418
17;418
74;418
78;418
107;418
124;418
142;418
154;418
173;418
193;418
239;418
243;418
277;418
282;418
325;418
366;418
368;418
439;418
454;418
34;419
38;419
68;419
129;419
166;419
193;419
206;419
289;419
310;419
385;419
390;419
438;419
458;419
459;419
9;420
33;420
40;420
51;420
59;420
95;420
114;420
128;420
146;420
149;420
150;420
185;420
192;420
197;420
203;420
219;420
227;420
234;420
250;420
257;420
260;420
289;420
317;420
340;420
349;420
375;420
381;420
396;420
424;420
450;420
455;420
461;420
468;420
484;420
486;420
494;420
4;421
11;421
80;421
87;421
92;421
153;421
180;421
209;421
226;421
263;421
265;421
320;421
325;421
360;421
388;421
476;421
2;422
50;422
61;422
100;422
103;422
109;422
114;422
117;422
145;422
166;422
172;422
180;422
182;422
210;422
257;422
310;422
329;422
332;422
380;422
395;422
396;422
439;422
37;423
70;423
94;423
174;423
192;423
208;423
226;423
244;423
309;423
310;423
317;423
327;423
334;423
339;423
341;423
417;423
436;423
443;423
458;423
462;423
464;423
16;424
61;424
165;424
196;424
214;424
274;424
326;424
339;424
346;424
365;424
368;424
412;424
417;424
442;424
453;424
495;424
44;425
55;425
72;425
110;425
130;425
140;425
183;425
185;425
192;425
203;425
220;425
221;425
286;425
326;425
331;425
364;425
369;425
409;425
413;425
447;425
56;426
97;426
98;426
107;426
111;426
135;426
160;426
276;426
280;426
323;426
379;426
389;426
406;426
431;426
456;426
16;427
62;427
117;427
120;427
191;427
223;427
229;427
254;427
299;427
306;427
335;427
338;427
367;427
380;427
417;427
464;427
481;427
16;428
22;428
86;428
89;428
118;428
127;428
128;428
134;428
140;428
160;428
163;428
200;428
226;428
257;428
269;428
289;428
290;428
34;429
39;429
62;429
73;429
75;429
92;429
131;429
165;429
180;429
229;429
231;429
261;429
282;429
304;429
367;429
368;429
379;429
392;429
413;429
422;429
426;429
435;429
457;429
461;429
480;429
25;430
29;430
90;430
131;430
185;430
208;430
229;430
261;430
293;430
323;430
354;430
356;430
365;430
385;430
16;431
52;431
55;431
78;431
88;431
128;431
131;431
150;431
153;431
154;431
185;431
241;431
303;431
359;431
360;431
364;431
400;431
454;431
457;431
475;431
476;431
487;431
15;432
17;432
22;432
26;432
61;432
78;432
84;432
96;432
116;432
156;432
204;432
227;432
239;432
264;432
265;432
290;432
384;432
388;432
426;432
435;432
467;432
27;433
32;433
48;433
54;433
67;433
105;433
126;433
143;433
147;433
164;433
174;433
190;433
224;433
236;433
257;433
276;433
277;433
292;433
303;433
344;433
350;433
371;433
399;433
474;433
483;433
486;433
33;434
119;434
163;434
200;434
201;434
224;434
232;434
237;434
247;434
306;434
337;434
404;434
424;434
451;434
478;434
492;434
21;435
28;435
44;435
51;435
69;435
92;435
170;435
178;435
230;435
234;435
263;435
300;435
315;435
366;435
371;435
384;435
405;435
410;435
420;435
444;435
455;435
466;435
476;435
481;435
10;436
49;436
87;436
99;436
118;436
123;436
136;436
189;436
240;436
279;436
313;436
384;436
445;436
457;436
497;436
24;437
52;437
54;437
100;437
106;437
142;437
185;437
201;437
260;437
290;437
294;437
334;437
372;437
469;437
493;437
23;438
31;438
39;438
67;438
121;438
150;438
159;438
196;438
243;438
256;438
264;438
266;438
283;438
319;438
329;438
392;438
431;438
447;438
460;438
1;439
44;439
89;439
90;439
119;439
136;439
156;439
195;439
211;439
249;439
278;439
282;439
288;439
289;439
309;439
357;439
358;439
390;439
414;439
428;439
451;439
454;439
10;440
50;440
79;440
88;440
119;440
167;440
168;440
169;440
184;440
189;440
193;440
195;440
209;440
277;440
293;440
297;440
315;440
370;440
377;440
396;440
406;440
426;440
428;440
471;440
476;440
481;440
490;440
5;441
23;441
89;441
117;441
121;441
132;441
190;441
273;441
306;441
308;441
338;441
350;441
351;441
368;441
382;441
406;441
409;441
432;441
439;441
447;441
463;441
469;441
2;442
13;442
27;442
33;442
38;442
76;442
93;442
95;442
149;442
192;442
211;442
280;442
322;442
334;442
352;442
389;442
418;442
437;442
71;443
121;443
139;443
154;443
164;443
240;443
252;443
265;443
312;443
331;443
336;443
373;443
406;443
463;443
15;444
21;444
22;444
81;444
123;444
147;444
151;444
160;444
219;444
230;444
252;444
261;444
270;444
271;444
326;444
400;444
433;444
499;444
5;445
35;445
90;445
104;445
112;445
132;445
133;445
142;445
220;445
230;445
270;445
301;445
340;445
348;445
353;445
360;445
365;445
371;445
391;445
392;445
414;445
424;445
455;445
496;445
0;446
65;446
77;446
115;446
169;446
185;446
245;446
292;446
305;446
306;446
316;446
336;446
388;446
389;446
414;446
431;446
441;446
443;446
447;446
476;446
483;446
487;446
9;447
31;447
49;447
67;447
109;447
143;447
151;447
194;447
195;447
237;447
257;447
259;447
270;447
281;447
283;447
289;447
325;447
327;447
329;447
342;447
343;447
357;447
392;447
406;447
499;447
43;448
51;448
58;448
69;448
84;448
111;448
116;448
138;448
155;448
200;448
203;448
209;448
237;448
239;448
250;448
366;448
387;448
433;448
462;448
47;449
51;449
86;449
138;449
148;449
166;449
181;449
185;449
189;449
218;449
239;449
258;449
277;449
281;449
364;449
388;449
402;449
407;449
423;449
451;449
459;449
464;449
489;449
78;450
95;450
110;450
185;450
223;450
226;450
250;450
260;450
284;450
325;450
338;450
341;450
355;450
384;450
416;450
432;450
460;450
481;450
490;450
495;450
10;451
63;451
65;451
95;451
140;451
143;451
151;451
160;451
186;451
223;451
254;451
268;451
279;451
281;451
305;451
335;451
342;451
363;451
22;452
25;452
69;452
93;452
155;452
208;452
229;452
292;452
312;452
347;452
355;452
356;452
369;452
394;452
400;452
407;452
431;452
458;452
21;453
41;453
66;453
95;453
105;453
130;453
234;453
262;453
275;453
300;453
444;453
446;453
460;453
471;453
26;454
33;454
47;454
105;454
150;454
168;454
212;454
223;454
306;454
321;454
325;454
337;454
345;454
405;454
416;454
492;454
2;455
102;455
114;455
165;455
170;455
185;455
200;455
219;455
235;455
296;455
350;455
371;455
395;455
412;455
455;455
468;455
31;456
70;456
90;456
102;456
104;456
110;456
193;456
286;456
318;456
386;456
404;456
421;456
426;456
453;456
456;456
457;456
471;456
11;457
29;457
44;457
55;457
73;457
83;457
118;457
136;457
147;457
169;457
194;457
196;457
204;457
206;457
210;457
219;457
230;457
301;457
332;457
393;457
420;457
479;457
481;457
494;457
495;457
26;458
53;458
97;458
123;458
124;458
162;458
172;458
185;458
197;458
239;458
259;458
275;458
321;458
328;458
373;458
391;458
418;458
450;458
481;458
489;458
490;458
100;459
114;459
144;459
155;459
219;459
236;459
266;459
476;459
485;459
1;460
12;460
14;460
35;460
36;460
42;460
65;460
75;460
93;460
102;460
119;460
135;460
189;460
220;460
263;460
272;460
288;460
316;460
320;460
338;460
341;460
370;460
372;460
405;460
420;460
469;460
485;460
486;460
490;460
77;461
82;461
92;461
111;461
115;461
123;461
128;461
145;461
169;461
203;461
215;461
249;461
258;461
305;461
321;461
368;461
392;461
430;461
442;461
473;461
499;461
19;462
20;462
35;462
62;462
69;462
78;462
139;462
150;462
152;462
172;462
176;462
203;462
205;462
259;462
302;462
324;462
376;462
432;462
38;463
51;463
60;463
69;463
163;463
175;463
184;463
205;463
207;463
217;463
243;463
281;463
308;463
311;463
345;463
380;463
449;463
471;463
475;463
476;463
483;463
499;463
42;464
106;464
153;464
161;464
174;464
280;464
281;464
370;464
373;464
413;464
417;464
430;464
463;464
13;465
45;465
88;465
110;465
117;465
166;465
200;465
241;465
247;465
260;465
290;465
325;465
391;465
408;465
450;465
495;465
12;466
14;466
20;466
63;466
79;466
88;466
102;466
125;466
182;466
237;466
242;466
268;466
274;466
293;466
320;466
332;466
339;466
417;466
424;466
435;466
450;466
477;466
6;467
31;467
35;467
52;467
96;467
101;467
136;467
191;467
218;467
239;467
275;467
296;467
317;467
340;467
411;467
418;467
430;467
442;467
494;467
74;468
97;468
144;468
146;468
176;468
179;468
215;468
221;468
255;468
260;468
273;468
291;468
293;468
308;468
339;468
357;468
384;468
399;468
405;468
424;468
438;468
451;468
456;468
471;468
486;468
39;469
77;469
98;469
142;469
146;469
232;469
245;469
287;469
297;469
354;469
414;469
422;469
457;469
480;469
11;470
20;470
46;470
55;470
72;470
75;470
80;470
82;470
85;470
94;470
125;470
165;470
244;470
308;470
312;470
323;470
325;470
350;470
356;470
364;470
370;470
450;470
458;470
476;470
4;471
30;471
56;471
156;471
181;471
188;471
208;471
225;471
231;471
253;471
301;471
349;471
397;471
398;471
401;471
423;471
436;471
447;471
460;471
6;472
24;472
90;472
153;472
158;472
228;472
258;472
316;472
320;472
361;472
384;472
400;472
426;472
428;472
429;472
431;472
465;472
495;472
28;473
43;473
61;473
128;473
191;473
242;473
252;473
257;473
322;473
354;473
394;473
398;473
411;473
414;473
448;473
498;473
34;474
36;474
70;474
111;474
126;474
133;474
141;474
163;474
171;474
180;474
202;474
219;474
253;474
281;474
303;474
316;474
351;474
356;474
376;474
377;474
411;474
461;474
483;474
495;474
21;475
60;475
93;475
94;475
148;475
180;475
228;475
230;475
242;475
288;475
301;475
310;475
337;475
350;475
361;475
394;475
468;475
485;475
495;475
59;476
81;476
89;476
101;476
106;476
129;476
150;476
162;476
166;476
201;476
262;476
273;476
279;476
339;476
340;476
347;476
348;476
350;476
351;476
366;476
378;476
385;476
442;476
445;476
447;476
6;477
20;477
38;477
41;477
78;477
124;477
147;477
159;477
175;477
188;477
197;477
215;477
224;477
272;477
296;477
298;477
319;477
323;477
336;477
339;477
375;477
387;477
398;477
416;477
20;478
38;478
43;478
74;478
120;478
155;478
171;478
184;478
192;478
210;478
221;478
231;478
233;478
283;478
305;478
327;478
363;478
365;478
367;478
368;478
396;478
415;478
419;478
422;478
427;478
448;478
2;479
13;479
55;479
56;479
104;479
134;479
178;479
209;479
243;479
263;479
276;479
289;479
300;479
329;479
420;479
467;479
11;480
30;480
35;480
47;480
86;480
100;480
125;480
188;480
213;480
218;480
282;480
302;480
304;480
350;480
390;480
394;480
420;480
425;480
474;480
484;480
488;480
18;481
45;481
68;481
97;481
113;481
114;481
118;481
158;481
183;481
249;481
259;481
298;481
331;481
354;481
371;481
393;481
401;481
411;481
28;482
49;482
79;482
120;482
124;482
145;482
148;482
176;482
178;482
184;482
191;482
218;482
233;482
255;482
269;482
304;482
371;482
447;482
26;483
105;483
109;483
134;483
164;483
183;483
212;483
236;483
292;483
303;483
332;483
338;483
357;483
433;483
449;483
471;483
495;483
45;484
68;484
90;484
167;484
190;484
198;484
212;484
236;484
303;484
330;484
391;484
418;484
457;484
467;484
474;484
12;485
48;485
66;485
68;485
80;485
115;485
125;485
155;485
179;485
225;485
255;485
264;485
356;485
376;485
426;485
455;485
466;485
469;485
0;486
69;486
94;486
109;486
145;486
149;486
194;486
216;486
278;486
344;486
346;486
367;486
408;486
450;486
473;486
474;486
54;487
63;487
73;487
107;487
175;487
176;487
181;487
188;487
217;487
286;487
306;487
363;487
453;487
88;488
103;488
259;488
281;488
320;488
362;488
375;488
413;488
461;488
484;488
496;488
12;489
43;489
50;489
59;489
102;489
104;489
123;489
143;489
165;489
197;489
233;489
265;489
267;489
299;489
307;489
332;489
374;489
385;489
392;489
427;489
429;489
444;489
462;489
463;489
476;489
492;489
36;490
116;490
135;490
163;490
170;490
233;490
255;490
284;490
315;490
320;490
325;490
331;490
335;490
337;490
355;490
367;490
377;490
390;490
464;490
489;490
8;491
12;491
14;491
142;491
145;491
160;491
196;491
215;491
237;491
282;491
309;491
313;491
322;491
333;491
357;491
432;491
464;491
69;492
104;492
127;492
141;492
144;492
176;492
211;492
231;492
246;492
252;492
314;492
412;492
429;492
452;492
480;492
491;492
10;493
38;493
42;493
103;493
143;493
224;493
282;493
289;493
366;493
385;493
396;493
474;493
3;494
46;494
56;494
62;494
78;494
156;494
311;494
437;494
469;494
473;494
29;495
49;495
116;495
165;495
199;495
298;495
307;495
385;495
390;495
405;495
406;495
441;495
475;495
495;495
497;495
24;496
37;496
53;496
62;496
127;496
138;496
215;496
218;496
230;496
236;496
334;496
421;496
451;496
2;497
21;497
40;497
68;497
109;497
139;497
174;497
225;497
227;497
240;497
345;497
425;497
436;497
56;498
62;498
81;498
256;498
277;498
302;498
332;498
192;499
348;499
410;499
432;499
467;499
475;499
488;499
495;499
